{
  "hash": "a25b5c54",
  "configHash": "af0a63bb",
  "lockfileHash": "114dd07c",
  "browserHash": "924f71f6",
  "optimized": {
    "@angular/common": {
      "src": "../../../../../node_modules/@angular/common/fesm2022/common.mjs",
      "file": "@angular_common.js",
      "fileHash": "d6400c11",
      "needsInterop": false
    },
    "@angular/common/http": {
      "src": "../../../../../node_modules/@angular/common/fesm2022/http.mjs",
      "file": "@angular_common_http.js",
      "fileHash": "e6419a50",
      "needsInterop": false
    },
    "@angular/core": {
      "src": "../../../../../node_modules/@angular/core/fesm2022/core.mjs",
      "file": "@angular_core.js",
      "fileHash": "7483bae7",
      "needsInterop": false
    },
    "@angular/forms": {
      "src": "../../../../../node_modules/@angular/forms/fesm2022/forms.mjs",
      "file": "@angular_forms.js",
      "fileHash": "5b99082a",
      "needsInterop": false
    },
    "@angular/material/dialog": {
      "src": "../../../../../node_modules/@angular/material/fesm2022/dialog.mjs",
      "file": "@angular_material_dialog.js",
      "fileHash": "30516585",
      "needsInterop": false
    },
    "@angular/material/form-field": {
      "src": "../../../../../node_modules/@angular/material/fesm2022/form-field.mjs",
      "file": "@angular_material_form-field.js",
      "fileHash": "91a7c009",
      "needsInterop": false
    },
    "@angular/material/input": {
      "src": "../../../../../node_modules/@angular/material/fesm2022/input.mjs",
      "file": "@angular_material_input.js",
      "fileHash": "568b87dd",
      "needsInterop": false
    },
    "@angular/platform-browser": {
      "src": "../../../../../node_modules/@angular/platform-browser/fesm2022/platform-browser.mjs",
      "file": "@angular_platform-browser.js",
      "fileHash": "27f395c4",
      "needsInterop": false
    },
    "@angular/platform-browser/animations": {
      "src": "../../../../../node_modules/@angular/platform-browser/fesm2022/animations.mjs",
      "file": "@angular_platform-browser_animations.js",
      "fileHash": "b8db4efc",
      "needsInterop": false
    },
    "@angular/router": {
      "src": "../../../../../node_modules/@angular/router/fesm2022/router.mjs",
      "file": "@angular_router.js",
      "fileHash": "4a2ac729",
      "needsInterop": false
    },
    "rxjs": {
      "src": "../../../../../node_modules/rxjs/dist/esm5/index.js",
      "file": "rxjs.js",
      "fileHash": "f0cc507c",
      "needsInterop": false
    }
  },
  "chunks": {
    "chunk-DUNYIRQG": {
      "file": "chunk-DUNYIRQG.js"
    },
    "chunk-I2MGBMET": {
      "file": "chunk-I2MGBMET.js"
    },
    "chunk-AFWCOH2Z": {
      "file": "chunk-AFWCOH2Z.js"
    },
    "chunk-VVLBSE43": {
      "file": "chunk-VVLBSE43.js"
    },
    "chunk-YBJOTD7U": {
      "file": "chunk-YBJOTD7U.js"
    },
    "chunk-ANPJEDNI": {
      "file": "chunk-ANPJEDNI.js"
    },
    "chunk-NOPT6EWH": {
      "file": "chunk-NOPT6EWH.js"
    },
    "chunk-U2JG42MW": {
      "file": "chunk-U2JG42MW.js"
    },
    "chunk-SXIXOCJ4": {
      "file": "chunk-SXIXOCJ4.js"
    }
  }
}