{
  "hash": "bb25ff80",
  "configHash": "a3430148",
  "lockfileHash": "fbc5cd79",
  "browserHash": "bea7b740",
  "optimized": {
    "@angular/common": {
      "src": "../../../../../node_modules/@angular/common/fesm2022/common.mjs",
      "file": "@angular_common.js",
      "fileHash": "7c5e97e0",
      "needsInterop": false
    },
    "@angular/common/http": {
      "src": "../../../../../node_modules/@angular/common/fesm2022/http.mjs",
      "file": "@angular_common_http.js",
      "fileHash": "ff099cf6",
      "needsInterop": false
    },
    "@angular/core": {
      "src": "../../../../../node_modules/@angular/core/fesm2022/core.mjs",
      "file": "@angular_core.js",
      "fileHash": "1f771cee",
      "needsInterop": false
    },
    "@angular/forms": {
      "src": "../../../../../node_modules/@angular/forms/fesm2022/forms.mjs",
      "file": "@angular_forms.js",
      "fileHash": "37f6b9cc",
      "needsInterop": false
    },
    "@angular/material/dialog": {
      "src": "../../../../../node_modules/@angular/material/fesm2022/dialog.mjs",
      "file": "@angular_material_dialog.js",
      "fileHash": "e3e38435",
      "needsInterop": false
    },
    "@angular/material/form-field": {
      "src": "../../../../../node_modules/@angular/material/fesm2022/form-field.mjs",
      "file": "@angular_material_form-field.js",
      "fileHash": "adca3891",
      "needsInterop": false
    },
    "@angular/material/input": {
      "src": "../../../../../node_modules/@angular/material/fesm2022/input.mjs",
      "file": "@angular_material_input.js",
      "fileHash": "a2e9e799",
      "needsInterop": false
    },
    "@angular/platform-browser": {
      "src": "../../../../../node_modules/@angular/platform-browser/fesm2022/platform-browser.mjs",
      "file": "@angular_platform-browser.js",
      "fileHash": "996e5b9a",
      "needsInterop": false
    },
    "@angular/router": {
      "src": "../../../../../node_modules/@angular/router/fesm2022/router.mjs",
      "file": "@angular_router.js",
      "fileHash": "cb819b36",
      "needsInterop": false
    },
    "rxjs": {
      "src": "../../../../../node_modules/rxjs/dist/esm5/index.js",
      "file": "rxjs.js",
      "fileHash": "f7ffe640",
      "needsInterop": false
    },
    "@angular/platform-browser/animations": {
      "src": "../../../../../node_modules/@angular/platform-browser/fesm2022/animations.mjs",
      "file": "@angular_platform-browser_animations.js",
      "fileHash": "951c66c4",
      "needsInterop": false
    }
  },
  "chunks": {
    "chunk-ANPJEDNI": {
      "file": "chunk-ANPJEDNI.js"
    },
    "chunk-VVLBSE43": {
      "file": "chunk-VVLBSE43.js"
    },
    "chunk-YBJOTD7U": {
      "file": "chunk-YBJOTD7U.js"
    },
    "chunk-DUNYIRQG": {
      "file": "chunk-DUNYIRQG.js"
    },
    "chunk-I2MGBMET": {
      "file": "chunk-I2MGBMET.js"
    },
    "chunk-AFWCOH2Z": {
      "file": "chunk-AFWCOH2Z.js"
    },
    "chunk-NOPT6EWH": {
      "file": "chunk-NOPT6EWH.js"
    },
    "chunk-U2JG42MW": {
      "file": "chunk-U2JG42MW.js"
    },
    "chunk-SXIXOCJ4": {
      "file": "chunk-SXIXOCJ4.js"
    }
  }
}